Fecha,TMAX,TMIN,Prec,TMEDIA,TMAX_Media_Ens,TMIN_Media_Ens,TMEDIA_Media_Ens,Prec_Media_Ens,TMAX_P10,TMAX_P50,TMAX_P90,TMIN_P10,TMIN_P50,TMIN_P90,TMEDIA_P10,TMEDIA_P50,TMEDIA_P90,Prec_P10,Prec_P50,Prec_P90,Prob_Prec_ge_1mm,Prob_Prec_ge_5mm,Prob_Prec_ge_10mm,Prob_Prec_ge_30mm,GD_Tb2,Fuente,TipoDato,CalidadDato,N_miembros,Latitud_grilla,Longitud_grilla,Elevacion_grilla_m,Emision_UTC
2026-01-01,28.9,10.0,0.0,19.69721,,,,,,,,,,,,,,,,,,,,,17.69721,SIGA_INTA_BALCARCE,Observado,Observado_estacion,,,,,2026-10-03T21:36:15+00:00
2026-01-02,25.8,9.2,1.25,17.13403,,,,,,,,,,,,,,,,,,,,,15.13403,SIGA_INTA_BALCARCE,Observado,Observado_estacion,,,,,2026-10-03T21:36:15+00:00
2026-01-03,19.4,7.5,0.0,13.14653,,,,,,,,,,,,,,,,,,,,,11.14653,SIGA_INTA_BALCARCE,Observado,Observado_estacion,,,,,2026-10-03T21:36:15+00:00
2026-01-04,21.6,9.5,0.0,15.37153,,,,,,,,,,,,,,,,,,,,,13.37153,SIGA_INTA_BALCARCE,Observado,Observado_estacion,,,,,2026-10-03T21:36:15+00:00
2026-01-05,31.1,8.1,0.0,19.82222,,,,,,,,,,,,,,,,,,,,,17.82222,SIGA_INTA_BALCARCE,Observado,Observado_estacion,,,,,2026-10-03T21:36:15+00:00
2026-01-06,32.0,14.6,0.25,23.16806,,,,,,,,,,,,,,,,,,,,,21.16806,SIGA_INTA_BALCARCE,Observado,Observado_estacion,,,,,2026-10-03T21:36:15+00:00
2026-01-07,24.2,12.5,0.25,19.18541,,,,,,,,,,,,,,,,,,,,,17.18541,SIGA_INTA_BALCARCE,Observado,Observado_estacion,,,,,2026-10-03T21:36:15+00:00
2026-01-08,22.6,5.3,0.0,14.29514,,,,,,,,,,,,,,,,,,,,,12.29514,SIGA_INTA_BALCARCE,Observado,Observado_estacion,,,,,2026-10-03T21:36:15+00:00
2026-01-09,25.5,11.7,0.0,18.22778,,,,,,,,,,,,,,,,,,,,,16.22778,SIGA_INTA_BALCARCE,Observado,Observado_estacion,,,,,2026-10-03T21:36:15+00:00
2026-01-10,27.9,14.9,0.0,20.46458,,,,,,,,,,,,,,,,,,,,,18.46458,SIGA_INTA_BALCARCE,Observado,Observado_estacion,,,,,2026-10-03T21:36:15+00:00
2026-01-11,35.8,12.7,0.0,23.59305,,,,,,,,,,,,,,,,,,,,,21.59305,SIGA_INTA_BALCARCE,Observado,Observado_estacion,,,,,2026-10-03T21:36:15+00:00
2026-01-12,39.2,17.5,1.25,25.76944,,,,,,,,,,,,,,,,,,,,,23.76944,SIGA_INTA_BALCARCE,Observado,Observado_estacion,,,,,2026-10-03T21:36:15+00:00
2026-01-13,27.0,15.8,0.75,19.80902,,,,,,,,,,,,,,,,,,,,,17.80902,SIGA_INTA_BALCARCE,Observado,Observado_estacion,,,,,2026-10-03T21:36:15+00:00
2026-01-14,32.9,12.3,7.75,22.32639,,,,,,,,,,,,,,,,,,,,,20.32639,SIGA_INTA_BALCARCE,Observado,Observado_estacion,,,,,2026-10-03T21:36:15+00:00
2026-01-15,30.4,17.2,0.0,22.73472,,,,,,,,,,,,,,,,,,,,,20.73472,SIGA_INTA_BALCARCE,Observado,Observado_estacion,,,,,2026-10-03T21:36:15+00:00
2026-01-16,29.4,10.3,0.25,20.37639,,,,,,,,,,,,,,,,,,,,,18.37639,SIGA_INTA_BALCARCE,Observado,Observado_estacion,,,,,2026-10-03T21:36:15+00:00
2026-01-17,34.6,15.5,3.75,20.86736,,,,,,,,,,,,,,,,,,,,,18.86736,SIGA_INTA_BALCARCE,Observado,Observado_estacion,,,,,2026-10-03T21:36:15+00:00
2026-01-18,22.8,8.8,0.25,16.18889,,,,,,,,,,,,,,,,,,,,,14.18889,SIGA_INTA_BALCARCE,Observado,Observado_estacion,,,,,2026-10-03T21:36:15+00:00
2026-01-19,23.6,5.8,0.0,14.77014,,,,,,,,,,,,,,,,,,,,,12.77014,SIGA_INTA_BALCARCE,Observado,Observado_estacion,,,,,2026-10-03T21:36:15+00:00
2026-01-20,28.3,7.6,0.0,18.50486,,,,,,,,,,,,,,,,,,,,,16.50486,SIGA_INTA_BALCARCE,Observado,Observado_estacion,,,,,2026-10-03T21:36:15+00:00
2026-01-21,31.1,14.6,0.0,22.61111,,,,,,,,,,,,,,,,,,,,,20.61111,SIGA_INTA_BALCARCE,Observado,Observado_estacion,,,,,2026-10-03T21:36:15+00:00
2026-01-22,31.9,16.0,0.0,23.72014,,,,,,,,,,,,,,,,,,,,,21.72014,SIGA_INTA_BALCARCE,Observado,Observado_estacion,,,,,2026-10-03T21:36:15+00:00
2026-01-23,33.6,16.9,0.0,24.70833,,,,,,,,,,,,,,,,,,,,,22.70833,SIGA_INTA_BALCARCE,Observado,Observado_estacion,,,,,2026-10-03T21:36:15+00:00
2026-01-24,32.2,18.4,0.0,24.51458,,,,,,,,,,,,,,,,,,,,,22.51458,SIGA_INTA_BALCARCE,Observado,Observado_estacion,,,,,2026-10-03T21:36:15+00:00
2026-01-25,35.5,19.0,0.0,26.69166,,,,,,,,,,,,,,,,,,,,,24.69166,SIGA_INTA_BALCARCE,Observado,Observado_estacion,,,,,2026-10-03T21:36:15+00:00
2026-01-26,35.3,19.9,3.5,25.22778,,,,,,,,,,,,,,,,,,,,,23.22778,SIGA_INTA_BALCARCE,Observado,Observado_estacion,,,,,2026-10-03T21:36:15+00:00
2026-01-27,27.5,17.0,0.0,20.91806,,,,,,,,,,,,,,,,,,,,,18.91806,SIGA_INTA_BALCARCE,Observado,Observado_estacion,,,,,2026-10-03T21:36:15+00:00
2026-01-28,31.6,9.7,0.0,19.66458,,,,,,,,,,,,,,,,,,,,,17.66458,SIGA_INTA_BALCARCE,Observado,Observado_estacion,,,,,2026-10-03T21:36:15+00:00
2026-01-29,29.6,13.5,0.0,21.22222,,,,,,,,,,,,,,,,,,,,,19.22222,SIGA_INTA_BALCARCE,Observado,Observado_estacion,,,,,2026-10-03T21:36:15+00:00
2026-01-30,28.3,18.1,2.25,21.93611,,,,,,,,,,,,,,,,,,,,,19.93611,SIGA_INTA_BALCARCE,Observado,Observado_estacion,,,,,2026-10-03T21:36:15+00:00
2026-01-31,30.0,15.8,0.0,22.03125,,,,,,,,,,,,,,,,,,,,,20.03125,SIGA_INTA_BALCARCE,Observado,Observado_estacion,,,,,2026-10-03T21:36:15+00:00
2026-02-01,30.2,15.5,0.75,22.07986,,,,,,,,,,,,,,,,,,,,,20.07986,SIGA_INTA_BALCARCE,Observado,Observado_estacion,,,,,2026-10-03T21:36:15+00:00
2026-02-02,36.7,18.7,0.0,26.95625,,,,,,,,,,,,,,,,,,,,,24.95625,SIGA_INTA_BALCARCE,Observado,Observado_estacion,,,,,2026-10-03T21:36:15+00:00
2026-02-03,33.3,20.0,0.0,25.74236,,,,,,,,,,,,,,,,,,,,,23.74236,SIGA_INTA_BALCARCE,Observado,Observado_estacion,,,,,2026-10-03T21:36:15+00:00
2026-02-04,30.4,14.3,0.25,21.16458,,,,,,,,,,,,,,,,,,,,,19.16458,SIGA_INTA_BALCARCE,Observado,Observado_estacion,,,,,2026-10-03T21:36:15+00:00
2026-02-05,29.3,17.3,0.0,22.0125,,,,,,,,,,,,,,,,,,,,,20.0125,SIGA_INTA_BALCARCE,Observado,Observado_estacion,,,,,2026-10-03T21:36:15+00:00
2026-02-06,29.5,9.7,0.0,19.75486,,,,,,,,,,,,,,,,,,,,,17.75486,SIGA_INTA_BALCARCE,Observado,Observado_estacion,,,,,2026-10-03T21:36:15+00:00
2026-02-07,27.7,12.3,0.0,19.325,,,,,,,,,,,,,,,,,,,,,17.325,SIGA_INTA_BALCARCE,Observado,Observado_estacion,,,,,2026-10-03T21:36:15+00:00
2026-02-08,31.3,10.1,0.0,19.97361,,,,,,,,,,,,,,,,,,,,,17.97361,SIGA_INTA_BALCARCE,Observado,Observado_estacion,,,,,2026-10-03T21:36:15+00:00
2026-02-09,29.7,16.2,4.25,20.83888,,,,,,,,,,,,,,,,,,,,,18.83888,SIGA_INTA_BALCARCE,Observado,Observado_estacion,,,,,2026-10-03T21:36:15+00:00
2026-02-10,32.7,16.8,3.0,23.03472,,,,,,,,,,,,,,,,,,,,,21.03472,SIGA_INTA_BALCARCE,Observado,Observado_estacion,,,,,2026-10-03T21:36:15+00:00
2026-02-11,25.3,16.3,0.0,20.80973,,,,,,,,,,,,,,,,,,,,,18.80973,SIGA_INTA_BALCARCE,Observado,Observado_estacion,,,,,2026-10-03T21:36:15+00:00
2026-02-12,28.6,12.7,0.0,19.56043,,,,,,,,,,,,,,,,,,,,,17.56043,SIGA_INTA_BALCARCE,Observado,Observado_estacion,,,,,2026-10-03T21:36:15+00:00
2026-02-13,22.5,10.1,0.0,16.43958,,,,,,,,,,,,,,,,,,,,,14.43958,SIGA_INTA_BALCARCE,Observado,Observado_estacion,,,,,2026-10-03T21:36:15+00:00
2026-02-14,28.0,10.3,1.75,18.33681,,,,,,,,,,,,,,,,,,,,,16.33681,SIGA_INTA_BALCARCE,Observado,Observado_estacion,,,,,2026-10-03T21:36:15+00:00
2026-02-15,27.2,15.2,1.25,20.0993,,,,,,,,,,,,,,,,,,,,,18.0993,SIGA_INTA_BALCARCE,Observado,Observado_estacion,,,,,2026-10-03T21:36:15+00:00
2026-02-16,30.0,14.9,0.0,21.17361,,,,,,,,,,,,,,,,,,,,,19.17361,SIGA_INTA_BALCARCE,Observado,Observado_estacion,,,,,2026-10-03T21:36:15+00:00
2026-02-17,30.4,17.6,0.0,22.15903,,,,,,,,,,,,,,,,,,,,,20.15903,SIGA_INTA_BALCARCE,Observado,Observado_estacion,,,,,2026-10-03T21:36:15+00:00
2026-02-18,32.3,15.5,0.0,22.95555,,,,,,,,,,,,,,,,,,,,,20.95555,SIGA_INTA_BALCARCE,Observado,Observado_estacion,,,,,2026-10-03T21:36:15+00:00
2026-02-19,25.7,15.2,0.0,21.2375,,,,,,,,,,,,,,,,,,,,,19.2375,SIGA_INTA_BALCARCE,Observado,Observado_estacion,,,,,2026-10-03T21:36:15+00:00
2026-02-20,30.8,8.2,0.0,19.50278,,,,,,,,,,,,,,,,,,,,,17.50278,SIGA_INTA_BALCARCE,Observado,Observado_estacion,,,,,2026-10-03T21:36:15+00:00
2026-02-21,32.6,12.8,0.0,22.28542,,,,,,,,,,,,,,,,,,,,,20.28542,SIGA_INTA_BALCARCE,Observado,Observado_estacion,,,,,2026-10-03T21:36:15+00:00
2026-02-22,30.3,16.5,0.0,22.63403,,,,,,,,,,,,,,,,,,,,,20.63403,SIGA_INTA_BALCARCE,Observado,Observado_estacion,,,,,2026-10-03T21:36:15+00:00
2026-02-23,30.5,19.1,0.25,23.39306,,,,,,,,,,,,,,,,,,,,,21.39306,SIGA_INTA_BALCARCE,Observado,Observado_estacion,,,,,2026-10-03T21:36:15+00:00
2026-02-24,27.5,16.2,1.5,21.68404,,,,,,,,,,,,,,,,,,,,,19.68404,SIGA_INTA_BALCARCE,Observado,Observado_estacion,,,,,2026-10-03T21:36:15+00:00
2026-02-25,21.7,12.4,0.0,16.96597,,,,,,,,,,,,,,,,,,,,,14.965969999999999,SIGA_INTA_BALCARCE,Observado,Observado_estacion,,,,,2026-10-03T21:36:15+00:00
2026-02-26,25.4,8.3,0.0,15.82847,,,,,,,,,,,,,,,,,,,,,13.82847,SIGA_INTA_BALCARCE,Observado,Observado_estacion,,,,,2026-10-03T21:36:15+00:00
2026-02-27,29.2,8.6,0.0,19.45695,,,,,,,,,,,,,,,,,,,,,17.45695,SIGA_INTA_BALCARCE,Observado,Observado_estacion,,,,,2026-10-03T21:36:15+00:00
2026-02-28,30.4,13.3,0.0,22.0375,,,,,,,,,,,,,,,,,,,,,20.0375,SIGA_INTA_BALCARCE,Observado,Observado_estacion,,,,,2026-10-03T21:36:15+00:00
2026-03-01,33.2,16.4,0.0,24.4243,,,,,,,,,,,,,,,,,,,,,22.4243,SIGA_INTA_BALCARCE,Observado,Observado_estacion,,,,,2026-10-03T21:36:15+00:00
2026-03-02,30.9,17.9,0.0,23.22361,,,,,,,,,,,,,,,,,,,,,21.22361,SIGA_INTA_BALCARCE,Observado,Observado_estacion,,,,,2026-10-03T21:36:15+00:00
2026-03-03,28.5,17.9,0.0,22.49722,,,,,,,,,,,,,,,,,,,,,20.49722,SIGA_INTA_BALCARCE,Observado,Observado_estacion,,,,,2026-10-03T21:36:15+00:00
2026-03-04,29.6,13.0,0.0,20.61458,,,,,,,,,,,,,,,,,,,,,18.61458,SIGA_INTA_BALCARCE,Observado,Observado_estacion,,,,,2026-10-03T21:36:15+00:00
2026-03-05,24.1,13.7,0.0,17.82569,,,,,,,,,,,,,,,,,,,,,15.825690000000002,SIGA_INTA_BALCARCE,Observado,Observado_estacion,,,,,2026-10-03T21:36:15+00:00
2026-03-06,25.1,12.3,0.0,17.57222,,,,,,,,,,,,,,,,,,,,,15.572220000000002,SIGA_INTA_BALCARCE,Observado,Observado_estacion,,,,,2026-10-03T21:36:15+00:00
2026-03-07,25.7,9.3,0.0,16.94028,,,,,,,,,,,,,,,,,,,,,14.940280000000001,SIGA_INTA_BALCARCE,Observado,Observado_estacion,,,,,2026-10-03T21:36:15+00:00
2026-03-08,26.1,8.7,0.0,17.76923,,,,,,,,,,,,,,,,,,,,,15.76923,SIGA_INTA_BALCARCE,Observado,Observado_estacion,,,,,2026-10-03T21:36:15+00:00
2026-03-09,27.0,11.6,0.0,18.04305,,,,,,,,,,,,,,,,,,,,,16.04305,SIGA_INTA_BALCARCE,Observado,Observado_estacion,,,,,2026-10-03T21:36:15+00:00
2026-03-10,27.6,13.8,0.0,19.80139,,,,,,,,,,,,,,,,,,,,,17.80139,SIGA_INTA_BALCARCE,Observado,Observado_estacion,,,,,2026-10-03T21:36:15+00:00
2026-03-11,28.7,10.7,0.0,19.81528,,,,,,,,,,,,,,,,,,,,,17.81528,SIGA_INTA_BALCARCE,Observado,Observado_estacion,,,,,2026-10-03T21:36:15+00:00
2026-03-12,28.2,15.2,0.0,20.58749,,,,,,,,,,,,,,,,,,,,,18.58749,SIGA_INTA_BALCARCE,Observado,Observado_estacion,,,,,2026-10-03T21:36:15+00:00
2026-03-13,30.2,14.8,0.0,21.07292,,,,,,,,,,,,,,,,,,,,,19.07292,SIGA_INTA_BALCARCE,Observado,Observado_estacion,,,,,2026-10-03T21:36:15+00:00
2026-03-14,25.8,17.3,0.0,20.31598,,,,,,,,,,,,,,,,,,,,,18.31598,SIGA_INTA_BALCARCE,Observado,Observado_estacion,,,,,2026-10-03T21:36:15+00:00
2026-03-15,32.1,16.9,2.75,22.95833,,,,,,,,,,,,,,,,,,,,,20.95833,SIGA_INTA_BALCARCE,Observado,Observado_estacion,,,,,2026-10-03T21:36:15+00:00
2026-03-16,24.9,16.7,13.75,19.44791,,,,,,,,,,,,,,,,,,,,,17.44791,SIGA_INTA_BALCARCE,Observado,Observado_estacion,,,,,2026-10-03T21:36:15+00:00
2026-03-17,24.7,13.7,11.0,19.71041,,,,,,,,,,,,,,,,,,,,,17.71041,SIGA_INTA_BALCARCE,Observado,Observado_estacion,,,,,2026-10-03T21:36:15+00:00
2026-03-18,24.6,9.3,0.0,16.28472,,,,,,,,,,,,,,,,,,,,,14.28472,SIGA_INTA_BALCARCE,Observado,Observado_estacion,,,,,2026-10-03T21:36:15+00:00
2026-03-19,29.4,11.3,0.0,19.53125,,,,,,,,,,,,,,,,,,,,,17.53125,SIGA_INTA_BALCARCE,Observado,Observado_estacion,,,,,2026-10-03T21:36:15+00:00
2026-03-20,26.9,12.5,6.75,19.7382,,,,,,,,,,,,,,,,,,,,,17.7382,SIGA_INTA_BALCARCE,Observado,Observado_estacion,,,,,2026-10-03T21:36:15+00:00
2026-03-21,20.5,14.3,8.0,17.99306,,,,,,,,,,,,,,,,,,,,,15.99306,SIGA_INTA_BALCARCE,Observado,Observado_estacion,,,,,2026-10-03T21:36:15+00:00
2026-03-22,25.9,9.7,0.0,17.06875,,,,,,,,,,,,,,,,,,,,,15.068750000000001,SIGA_INTA_BALCARCE,Observado,Observado_estacion,,,,,2026-10-03T21:36:15+00:00
2026-03-23,20.9,11.9,0.0,15.50208,,,,,,,,,,,,,,,,,,,,,13.50208,SIGA_INTA_BALCARCE,Observado,Observado_estacion,,,,,2026-10-03T21:36:15+00:00
2026-03-24,27.8,7.4,0.0,16.25278,,,,,,,,,,,,,,,,,,,,,14.252780000000001,SIGA_INTA_BALCARCE,Observado,Observado_estacion,,,,,2026-10-03T21:36:15+00:00
2026-03-25,25.0,11.4,0.0,17.01528,,,,,,,,,,,,,,,,,,,,,15.01528,SIGA_INTA_BALCARCE,Observado,Observado_estacion,,,,,2026-10-03T21:36:15+00:00
2026-03-26,27.5,11.9,0.0,18.83403,,,,,,,,,,,,,,,,,,,,,16.83403,SIGA_INTA_BALCARCE,Observado,Observado_estacion,,,,,2026-10-03T21:36:15+00:00
2026-03-27,28.0,14.5,0.0,20.71389,,,,,,,,,,,,,,,,,,,,,18.71389,SIGA_INTA_BALCARCE,Observado,Observado_estacion,,,,,2026-10-03T21:36:15+00:00
2026-03-28,26.2,18.2,0.0,21.2257,,,,,,,,,,,,,,,,,,,,,19.2257,SIGA_INTA_BALCARCE,Observado,Observado_estacion,,,,,2026-10-03T21:36:15+00:00
2026-03-29,27.0,20.1,0.0,22.39097,,,,,,,,,,,,,,,,,,,,,20.39097,SIGA_INTA_BALCARCE,Observado,Observado_estacion,,,,,2026-10-03T21:36:15+00:00
2026-03-30,25.9,19.4,0.25,22.06319,,,,,,,,,,,,,,,,,,,,,20.06319,SIGA_INTA_BALCARCE,Observado,Observado_estacion,,,,,2026-10-03T21:36:15+00:00
2026-03-31,25.6,20.9,16.0,22.37361,,,,,,,,,,,,,,,,,,,,,20.37361,SIGA_INTA_BALCARCE,Observado,Observado_estacion,,,,,2026-10-03T21:36:15+00:00
2026-04-01,24.6,19.1,0.5,21.95277,,,,,,,,,,,,,,,,,,,,,19.95277,SIGA_INTA_BALCARCE,Observado,Observado_estacion,,,,,2026-10-03T21:36:15+00:00
2026-04-02,28.5,19.0,0.0,21.90833,,,,,,,,,,,,,,,,,,,,,19.90833,SIGA_INTA_BALCARCE,Observado,Observado_estacion,,,,,2026-10-03T21:36:15+00:00
2026-04-03,28.3,14.6,7.75,20.94931,,,,,,,,,,,,,,,,,,,,,18.94931,SIGA_INTA_BALCARCE,Observado,Observado_estacion,,,,,2026-10-03T21:36:15+00:00
2026-04-04,18.1,8.1,0.0,12.65486,,,,,,,,,,,,,,,,,,,,,10.65486,SIGA_INTA_BALCARCE,Observado,Observado_estacion,,,,,2026-10-03T21:36:15+00:00
2026-04-05,18.8,7.4,0.0,12.53195,,,,,,,,,,,,,,,,,,,,,10.53195,SIGA_INTA_BALCARCE,Observado,Observado_estacion,,,,,2026-10-03T21:36:15+00:00
2026-04-06,19.1,6.5,0.0,12.76528,,,,,,,,,,,,,,,,,,,,,10.76528,SIGA_INTA_BALCARCE,Observado,Observado_estacion,,,,,2026-10-03T21:36:15+00:00
2026-04-07,19.2,14.9,0.5,16.59097,,,,,,,,,,,,,,,,,,,,,14.590969999999999,SIGA_INTA_BALCARCE,Observado,Observado_estacion,,,,,2026-10-03T21:36:15+00:00
2026-04-08,18.4,13.8,0.0,15.83056,,,,,,,,,,,,,,,,,,,,,13.83056,SIGA_INTA_BALCARCE,Observado,Observado_estacion,,,,,2026-10-03T21:36:15+00:00
2026-04-09,21.2,8.7,0.0,13.74791,,,,,,,,,,,,,,,,,,,,,11.74791,SIGA_INTA_BALCARCE,Observado,Observado_estacion,,,,,2026-10-03T21:36:15+00:00
2026-04-10,25.3,9.3,0.0,16.04375,,,,,,,,,,,,,,,,,,,,,14.04375,SIGA_INTA_BALCARCE,Observado,Observado_estacion,,,,,2026-10-03T21:36:15+00:00
2026-04-11,23.3,11.0,0.0,16.56528,,,,,,,,,,,,,,,,,,,,,14.565280000000001,SIGA_INTA_BALCARCE,Observado,Observado_estacion,,,,,2026-10-03T21:36:15+00:00
2026-04-12,27.7,10.1,0.0,18.12361,,,,,,,,,,,,,,,,,,,,,16.12361,SIGA_INTA_BALCARCE,Observado,Observado_estacion,,,,,2026-10-03T21:36:15+00:00
2026-04-13,24.0,14.0,0.0,18.00694,,,,,,,,,,,,,,,,,,,,,16.00694,SIGA_INTA_BALCARCE,Observado,Observado_estacion,,,,,2026-10-03T21:36:15+00:00
2026-04-14,25.0,15.3,0.0,18.69861,,,,,,,,,,,,,,,,,,,,,16.69861,SIGA_INTA_BALCARCE,Observado,Observado_estacion,,,,,2026-10-03T21:36:15+00:00
2026-04-15,25.4,17.6,0.25,20.10972,,,,,,,,,,,,,,,,,,,,,18.10972,SIGA_INTA_BALCARCE,Observado,Observado_estacion,,,,,2026-10-03T21:36:15+00:00
2026-04-16,24.2,18.6,0.0,20.78959,,,,,,,,,,,,,,,,,,,,,18.78959,SIGA_INTA_BALCARCE,Observado,Observado_estacion,,,,,2026-10-03T21:36:15+00:00
2026-04-17,25.4,15.4,0.0,19.07222,,,,,,,,,,,,,,,,,,,,,17.07222,SIGA_INTA_BALCARCE,Observado,Observado_estacion,,,,,2026-10-03T21:36:15+00:00
2026-04-18,27.2,12.4,6.25,18.49097,,,,,,,,,,,,,,,,,,,,,16.49097,SIGA_INTA_BALCARCE,Observado,Observado_estacion,,,,,2026-10-03T21:36:15+00:00
2026-04-19,22.1,13.6,0.0,17.40139,,,,,,,,,,,,,,,,,,,,,15.40139,SIGA_INTA_BALCARCE,Observado,Observado_estacion,,,,,2026-10-03T21:36:15+00:00
2026-04-20,16.8,10.0,15.75,13.10486,,,,,,,,,,,,,,,,,,,,,11.10486,SIGA_INTA_BALCARCE,Observado,Observado_estacion,,,,,2026-10-03T21:36:15+00:00
2026-04-21,15.8,9.5,56.5,12.15487,,,,,,,,,,,,,,,,,,,,,10.15487,SIGA_INTA_BALCARCE,Observado,Observado_estacion,,,,,2026-10-03T21:36:15+00:00
2026-04-22,17.7,13.0,0.0,15.35,,,,,,,,,,,,,,,,,,,,,13.35,SIGA_INTA_BALCARCE,Observado,Observado_estacion_TMEDIA_derivada,,,,,2026-10-03T21:36:15+00:00
2026-04-23,22.2,8.9,0.0,14.9,,,,,,22.2,,,8.9,,,14.9,,,0.0,,,,,,12.9,ECMWF_IFS_HISTORICO,Provisional,Provisional_hasta_reemplazo_SIGA,1,-37.785587,-58.313232,126.0,2026-10-03T21:36:16+00:00
2026-04-24,22.5,11.1,0.3,16.1,,,,,,22.5,,,11.1,,,16.1,,,0.3,,,,,,14.100000000000001,ECMWF_IFS_HISTORICO,Provisional,Provisional_hasta_reemplazo_SIGA,1,-37.785587,-58.313232,126.0,2026-10-03T21:36:16+00:00
2026-04-25,17.2,10.6,0.1,13.6,,,,,,17.2,,,10.6,,,13.6,,,0.1,,,,,,11.6,ECMWF_IFS_HISTORICO,Provisional,Provisional_hasta_reemplazo_SIGA,1,-37.785587,-58.313232,126.0,2026-10-03T21:36:16+00:00
2026-04-26,11.5,7.3,6.0,9.4,,,,,,,,,,,,,,,,,,,,,7.4,SIGA_INTA_BALCARCE,Observado,Observado_estacion_TMEDIA_derivada,,,,,2026-10-03T21:36:15+00:00
2026-04-27,14.1,8.3,1.0,10.80278,,,,,,,,,,,,,,,,,,,,,8.80278,SIGA_INTA_BALCARCE,Observado,Observado_estacion,,,,,2026-10-03T21:36:15+00:00
2026-04-28,18.5,4.2,0.25,10.10139,,,,,,,,,,,,,,,,,,,,,8.10139,SIGA_INTA_BALCARCE,Observado,Observado_estacion,,,,,2026-10-03T21:36:15+00:00
2026-04-29,18.7,10.0,0.0,13.63611,,,,,,,,,,,,,,,,,,,,,11.63611,SIGA_INTA_BALCARCE,Observado,Observado_estacion,,,,,2026-10-03T21:36:15+00:00
2026-04-30,20.6,7.0,0.0,12.55347,,,,,,,,,,,,,,,,,,,,,10.55347,SIGA_INTA_BALCARCE,Observado,Observado_estacion,,,,,2026-10-03T21:36:15+00:00
2026-05-01,25.1,9.7,0.0,15.44306,,,,,,,,,,,,,,,,,,,,,13.44306,SIGA_INTA_BALCARCE,Observado,Observado_estacion,,,,,2026-10-03T21:36:15+00:00
2026-05-02,14.9,5.9,0.0,10.10069,,,,,,,,,,,,,,,,,,,,,8.10069,SIGA_INTA_BALCARCE,Observado,Observado_estacion,,,,,2026-10-03T21:36:15+00:00
2026-05-03,14.7,1.0,0.0,8.471527,,,,,,,,,,,,,,,,,,,,,6.471527,SIGA_INTA_BALCARCE,Observado,Observado_estacion,,,,,2026-10-03T21:36:15+00:00
2026-05-04,22.5,9.7,0.0,14.97917,,,,,,,,,,,,,,,,,,,,,12.97917,SIGA_INTA_BALCARCE,Observado,Observado_estacion,,,,,2026-10-03T21:36:15+00:00
2026-05-05,23.6,12.2,0.0,15.88264,,,,,,,,,,,,,,,,,,,,,13.88264,SIGA_INTA_BALCARCE,Observado,Observado_estacion,,,,,2026-10-03T21:36:15+00:00
2026-05-06,17.9,11.6,36.0,14.4625,,,,,,,,,,,,,,,,,,,,,12.4625,SIGA_INTA_BALCARCE,Observado,Observado_estacion,,,,,2026-10-03T21:36:15+00:00
2026-05-07,17.1,12.3,2.5,14.70972,,,,,,,,,,,,,,,,,,,,,12.70972,SIGA_INTA_BALCARCE,Observado,Observado_estacion,,,,,2026-10-03T21:36:15+00:00
2026-05-08,12.6,6.9,3.0,9.640969,,,,,,,,,,,,,,,,,,,,,7.640969,SIGA_INTA_BALCARCE,Observado,Observado_estacion,,,,,2026-10-03T21:36:15+00:00
2026-05-09,10.9,7.2,1.75,8.738891,,,,,,,,,,,,,,,,,,,,,6.738891000000001,SIGA_INTA_BALCARCE,Observado,Observado_estacion,,,,,2026-10-03T21:36:15+00:00
2026-05-10,12.6,5.5,0.5,8.413194,,,,,,,,,,,,,,,,,,,,,6.413194000000001,SIGA_INTA_BALCARCE,Observado,Observado_estacion,,,,,2026-10-03T21:36:15+00:00
2026-05-11,16.6,6.2,0.0,10.12639,,,,,,,,,,,,,,,,,,,,,8.12639,SIGA_INTA_BALCARCE,Observado,Observado_estacion,,,,,2026-10-03T21:36:15+00:00
2026-05-12,15.4,7.6,0.0,10.82638,,,,,,,,,,,,,,,,,,,,,8.82638,SIGA_INTA_BALCARCE,Observado,Observado_estacion,,,,,2026-10-03T21:36:15+00:00
2026-05-13,14.4,3.4,0.0,8.49653,,,,,,,,,,,,,,,,,,,,,6.49653,SIGA_INTA_BALCARCE,Observado,Observado_estacion,,,,,2026-10-03T21:36:15+00:00
2026-05-14,14.2,4.9,0.0,8.876392,,,,,,,,,,,,,,,,,,,,,6.876391999999999,SIGA_INTA_BALCARCE,Observado,Observado_estacion,,,,,2026-10-03T21:36:15+00:00
2026-05-15,17.9,4.3,1.75,10.12153,,,,,,,,,,,,,,,,,,,,,8.12153,SIGA_INTA_BALCARCE,Observado,Observado_estacion,,,,,2026-10-03T21:36:15+00:00
2026-05-16,11.9,4.0,0.0,9.886805,,,,,,,,,,,,,,,,,,,,,7.886805000000001,SIGA_INTA_BALCARCE,Observado,Observado_estacion,,,,,2026-10-03T21:36:15+00:00
2026-05-17,14.4,2.4,0.0,7.181946,,,,,,,,,,,,,,,,,,,,,5.181946,SIGA_INTA_BALCARCE,Observado,Observado_estacion,,,,,2026-10-03T21:36:15+00:00
2026-05-18,17.0,2.4,0.0,8.209723,,,,,,,,,,,,,,,,,,,,,6.209723,SIGA_INTA_BALCARCE,Observado,Observado_estacion,,,,,2026-10-03T21:36:15+00:00
2026-05-19,16.4,5.2,0.0,9.565277,,,,,,,,,,,,,,,,,,,,,7.565277,SIGA_INTA_BALCARCE,Observado,Observado_estacion,,,,,2026-10-03T21:36:15+00:00
2026-05-20,12.6,7.2,0.0,9.07639,,,,,,,,,,,,,,,,,,,,,7.07639,SIGA_INTA_BALCARCE,Observado,Observado_estacion,,,,,2026-10-03T21:36:15+00:00
2026-05-21,12.5,5.4,0.0,8.302776,,,,,,,,,,,,,,,,,,,,,6.302776,SIGA_INTA_BALCARCE,Observado,Observado_estacion,,,,,2026-10-03T21:36:15+00:00
2026-05-22,13.8,3.0,0.0,8.544444,,,,,,,,,,,,,,,,,,,,,6.544444,SIGA_INTA_BALCARCE,Observado,Observado_estacion,,,,,2026-10-03T21:36:15+00:00
2026-05-23,10.6,2.6,0.0,7.078474,,,,,,,,,,,,,,,,,,,,,5.078474,SIGA_INTA_BALCARCE,Observado,Observado_estacion,,,,,2026-10-03T21:36:15+00:00
2026-05-24,13.8,7.6,0.0,10.04375,,,,,,,,,,,,,,,,,,,,,8.04375,SIGA_INTA_BALCARCE,Observado,Observado_estacion,,,,,2026-10-03T21:36:15+00:00
2026-05-25,15.4,8.2,0.0,10.5632,,,,,,,,,,,,,,,,,,,,,8.5632,SIGA_INTA_BALCARCE,Observado,Observado_estacion,,,,,2026-10-03T21:36:15+00:00
2026-05-26,19.4,3.1,0.0,9.617364,,,,,,,,,,,,,,,,,,,,,7.617364,SIGA_INTA_BALCARCE,Observado,Observado_estacion,,,,,2026-10-03T21:36:15+00:00
2026-05-27,8.9,5.0,0.25,6.338889,,,,,,,,,,,,,,,,,,,,,4.338889,SIGA_INTA_BALCARCE,Observado,Observado_estacion,,,,,2026-10-03T21:36:15+00:00
2026-05-28,11.2,5.9,0.0,8.640278,,,,,,,,,,,,,,,,,,,,,6.640278,SIGA_INTA_BALCARCE,Observado,Observado_estacion,,,,,2026-10-03T21:36:15+00:00
2026-05-29,14.1,9.0,0.0,10.50694,,,,,,,,,,,,,,,,,,,,,8.50694,SIGA_INTA_BALCARCE,Observado,Observado_estacion,,,,,2026-10-03T21:36:15+00:00
2026-05-30,17.2,6.6,0.0,10.975,,,,,,,,,,,,,,,,,,,,,8.975,SIGA_INTA_BALCARCE,Observado,Observado_estacion,,,,,2026-10-03T21:36:15+00:00
2026-05-31,16.5,7.6,0.0,11.40208,,,,,,,,,,,,,,,,,,,,,9.40208,SIGA_INTA_BALCARCE,Observado,Observado_estacion,,,,,2026-10-03T21:36:15+00:00
2026-06-01,10.6,7.4,0.0,9.35625,,,,,,,,,,,,,,,,,,,,,7.356249999999999,SIGA_INTA_BALCARCE,Observado,Observado_estacion,,,,,2026-10-03T21:36:15+00:00
2026-06-02,14.4,5.3,0.0,9.30625,,,,,,,,,,,,,,,,,,,,,7.30625,SIGA_INTA_BALCARCE,Observado,Observado_estacion,,,,,2026-10-03T21:36:15+00:00
2026-06-03,17.1,7.1,0.25,11.44722,,,,,,,,,,,,,,,,,,,,,9.44722,SIGA_INTA_BALCARCE,Observado,Observado_estacion,,,,,2026-10-03T21:36:15+00:00
2026-06-04,14.5,11.4,19.0,12.80555,,,,,,,,,,,,,,,,,,,,,10.80555,SIGA_INTA_BALCARCE,Observado,Observado_estacion,,,,,2026-10-03T21:36:15+00:00
2026-06-05,15.3,13.3,2.0,14.06876,,,,,,,,,,,,,,,,,,,,,12.06876,SIGA_INTA_BALCARCE,Observado,Observado_estacion,,,,,2026-10-03T21:36:15+00:00
2026-06-06,14.6,11.8,0.25,13.43819,,,,,,,,,,,,,,,,,,,,,11.43819,SIGA_INTA_BALCARCE,Observado,Observado_estacion,,,,,2026-10-03T21:36:15+00:00
2026-06-07,15.7,5.1,0.0,10.1,,,,,,,,,,,,,,,,,,,,,8.1,SIGA_INTA_BALCARCE,Observado,Observado_estacion,,,,,2026-10-03T21:36:15+00:00
2026-06-08,14.5,4.4,0.0,8.010417,,,,,,,,,,,,,,,,,,,,,6.010417,SIGA_INTA_BALCARCE,Observado,Observado_estacion,,,,,2026-10-03T21:36:15+00:00
2026-06-09,14.1,1.8,0.0,6.877779,,,,,,,,,,,,,,,,,,,,,4.877779,SIGA_INTA_BALCARCE,Observado,Observado_estacion,,,,,2026-10-03T21:36:15+00:00
2026-06-10,13.9,5.5,0.0,10.59722,,,,,,,,,,,,,,,,,,,,,8.59722,SIGA_INTA_BALCARCE,Observado,Observado_estacion,,,,,2026-10-03T21:36:15+00:00
2026-06-11,18.2,5.8,0.25,10.55417,,,,,,,,,,,,,,,,,,,,,8.55417,SIGA_INTA_BALCARCE,Observado,Observado_estacion,,,,,2026-10-03T21:36:15+00:00
2026-06-12,17.5,6.4,0.25,11.01319,,,,,,,,,,,,,,,,,,,,,9.01319,SIGA_INTA_BALCARCE,Observado,Observado_estacion,,,,,2026-10-03T21:36:15+00:00
2026-06-13,11.2,4.6,1.75,8.299306,,,,,,,,,,,,,,,,,,,,,6.299306,SIGA_INTA_BALCARCE,Observado,Observado_estacion,,,,,2026-10-03T21:36:15+00:00
2026-06-14,9.9,0.8,0.0,4.260416,,,,,,,,,,,,,,,,,,,,,2.260416,SIGA_INTA_BALCARCE,Observado,Observado_estacion,,,,,2026-10-03T21:36:15+00:00
2026-06-15,16.0,1.5,0.0,7.084028,,,,,,,,,,,,,,,,,,,,,5.084028,SIGA_INTA_BALCARCE,Observado,Observado_estacion,,,,,2026-10-03T21:36:15+00:00
2026-06-16,17.5,5.0,0.0,9.669443,,,,,,,,,,,,,,,,,,,,,7.669442999999999,SIGA_INTA_BALCARCE,Observado,Observado_estacion,,,,,2026-10-03T21:36:15+00:00
2026-06-17,13.2,2.6,0.0,7.425695,,,,,,,,,,,,,,,,,,,,,5.425695,SIGA_INTA_BALCARCE,Observado,Observado_estacion,,,,,2026-10-03T21:36:15+00:00
2026-06-18,12.4,4.9,11.0,7.746531,,,,,,,,,,,,,,,,,,,,,5.746531,SIGA_INTA_BALCARCE,Observado,Observado_estacion,,,,,2026-10-03T21:36:15+00:00
2026-06-19,14.3,4.7,0.0,8.763888,,,,,,,,,,,,,,,,,,,,,6.763888,SIGA_INTA_BALCARCE,Observado,Observado_estacion,,,,,2026-10-03T21:36:15+00:00
2026-06-20,14.1,2.6,0.0,7.36875,,,,,,,,,,,,,,,,,,,,,5.36875,SIGA_INTA_BALCARCE,Observado,Observado_estacion,,,,,2026-10-03T21:36:15+00:00
2026-06-21,15.3,3.6,0.0,7.8,,,,,,15.3,,,3.6,,,7.8,,,0.0,,,,,,5.8,ECMWF_IFS_HISTORICO,Provisional,Provisional_hasta_reemplazo_SIGA,1,-37.785587,-58.313232,126.0,2026-10-03T21:36:17+00:00
2026-06-22,10.0,2.7,0.3,5.5,,,,,,10.0,,,2.7,,,5.5,,,0.3,,,,,,3.5,ECMWF_IFS_HISTORICO,Provisional,Provisional_hasta_reemplazo_SIGA,1,-37.785587,-58.313232,126.0,2026-10-03T21:36:17+00:00
2026-06-23,9.8,3.4,0.8,5.8,,,,,,9.8,,,3.4,,,5.8,,,0.8,,,,,,3.8,ECMWF_IFS_HISTORICO,Provisional,Provisional_hasta_reemplazo_SIGA,1,-37.785587,-58.313232,126.0,2026-10-03T21:36:17+00:00
2026-06-24,8.0,1.7,2.25,5.358479,,,,,,,,,,,,,,,,,,,,,3.358479,SIGA_INTA_BALCARCE,Observado,Observado_estacion,,,,,2026-10-03T21:36:15+00:00
2026-06-25,10.3,2.5,0.25,5.573544,,,,,,,,,,,,,,,,,,,,,3.573544,SIGA_INTA_BALCARCE,Observado,Observado_estacion,,,,,2026-10-03T21:36:15+00:00
2026-06-26,11.5,0.9,0.25,5.252432,,,,,,,,,,,,,,,,,,,,,3.2524319999999998,SIGA_INTA_BALCARCE,Observado,Observado_estacion,,,,,2026-10-03T21:36:15+00:00
2026-06-27,12.4,-0.7,0.0,5.693413,,,,,,,,,,,,,,,,,,,,,3.6934129999999996,SIGA_INTA_BALCARCE,Observado,Observado_estacion,,,,,2026-10-03T21:36:15+00:00
2026-06-28,13.0,3.2,0.0,7.598201,,,,,,,,,,,,,,,,,,,,,5.598201,SIGA_INTA_BALCARCE,Observado,Observado_estacion,,,,,2026-10-03T21:36:15+00:00
2026-06-29,12.0,2.9,0.5,6.091567,,,,,,,,,,,,,,,,,,,,,4.091567,SIGA_INTA_BALCARCE,Observado,Observado_estacion,,,,,2026-10-03T21:36:15+00:00
2026-06-30,12.0,-1.0,0.5,4.61018,,,,,,,,,,,,,,,,,,,,,2.6101799999999997,SIGA_INTA_BALCARCE,Observado,Observado_estacion,,,,,2026-10-03T21:36:15+00:00
2026-07-01,9.7,0.5,0.0,5.21129,,,,,,,,,,,,,,,,,,,,,3.21129,SIGA_INTA_BALCARCE,Observado,Observado_estacion,,,,,2026-10-03T21:36:15+00:00
2026-07-02,7.9,-1.7,0.0,1.742328,,,,,,,,,,,,,,,,,,,,,0.0,SIGA_INTA_BALCARCE,Observado,Observado_estacion,,,,,2026-10-03T21:36:15+00:00
2026-07-03,11.7,0.0,0.0,3.683151,,,,,,,,,,,,,,,,,,,,,1.683151,SIGA_INTA_BALCARCE,Observado,Observado_estacion,,,,,2026-10-03T21:36:15+00:00
2026-07-04,10.8,-3.1,0.0,2.689948,,,,,,,,,,,,,,,,,,,,,0.6899479999999998,SIGA_INTA_BALCARCE,Observado,Observado_estacion,,,,,2026-10-03T21:36:15+00:00
2026-07-05,8.5,-3.0,0.25,2.879474,,,,,,,,,,,,,,,,,,,,,0.8794740000000001,SIGA_INTA_BALCARCE,Observado,Observado_estacion,,,,,2026-10-03T21:36:15+00:00
2026-07-06,9.6,3.1,0.0,6.190475,,,,,,,,,,,,,,,,,,,,,4.190475,SIGA_INTA_BALCARCE,Observado,Observado_estacion,,,,,2026-10-03T21:36:15+00:00
2026-07-07,13.8,-0.3,0.0,6.635639,,,,,,,,,,,,,,,,,,,,,4.635639,SIGA_INTA_BALCARCE,Observado,Observado_estacion,,,,,2026-10-03T21:36:15+00:00
2026-07-08,15.9,7.2,0.0,11.48421,,,,,,,,,,,,,,,,,,,,,9.48421,SIGA_INTA_BALCARCE,Observado,Observado_estacion,,,,,2026-10-03T21:36:15+00:00
2026-07-09,14.1,7.3,0.0,9.690528,,,,,,,,,,,,,,,,,,,,,7.6905280000000005,SIGA_INTA_BALCARCE,Observado,Observado_estacion,,,,,2026-10-03T21:36:15+00:00
2026-07-10,9.0,5.5,19.25,7.96402,,,,,,,,,,,,,,,,,,,,,5.96402,SIGA_INTA_BALCARCE,Observado,Observado_estacion,,,,,2026-10-03T21:36:15+00:00
2026-07-11,10.5,7.2,0.0,8.556314,,,,,,,,,,,,,,,,,,,,,6.556314,SIGA_INTA_BALCARCE,Observado,Observado_estacion,,,,,2026-10-03T21:36:15+00:00
2026-07-12,10.4,2.3,0.25,6.041581,,,,,,,,,,,,,,,,,,,,,4.041581,SIGA_INTA_BALCARCE,Observado,Observado_estacion,,,,,2026-10-03T21:36:15+00:00
2026-07-13,11.1,-0.3,0.0,4.264893,,,,,,,,,,,,,,,,,,,,,2.264893,SIGA_INTA_BALCARCE,Observado,Observado_estacion,,,,,2026-10-03T21:36:15+00:00
2026-07-14,10.3,5.2,0.0,7.397357,,,,,,,,,,,,,,,,,,,,,5.397357,SIGA_INTA_BALCARCE,Observado,Observado_estacion,,,,,2026-10-03T21:36:15+00:00
2026-07-15,15.4,7.8,0.0,11.17713,,,,,,,,,,,,,,,,,,,,,9.17713,SIGA_INTA_BALCARCE,Observado,Observado_estacion,,,,,2026-10-03T21:36:15+00:00
2026-07-16,20.4,10.9,0.0,14.34264,,,,,,,,,,,,,,,,,,,,,12.34264,SIGA_INTA_BALCARCE,Observado,Observado_estacion,,,,,2026-10-03T21:36:15+00:00
2026-07-17,18.3,12.5,1.75,15.0221,,,,,,,,,,,,,,,,,,,,,13.0221,SIGA_INTA_BALCARCE,Observado,Observado_estacion,,,,,2026-10-03T21:36:15+00:00
2026-07-18,15.1,8.8,9.0,10.8709,,,,,,,,,,,,,,,,,,,,,8.8709,SIGA_INTA_BALCARCE,Observado,Observado_estacion,,,,,2026-10-03T21:36:15+00:00
2026-07-19,13.0,6.1,0.0,8.898419,,,,,,,,,,,,,,,,,,,,,6.8984190000000005,SIGA_INTA_BALCARCE,Observado,Observado_estacion,,,,,2026-10-03T21:36:15+00:00
2026-07-20,11.4,3.6,0.5,6.589472,,,,,,,,,,,,,,,,,,,,,4.589472,SIGA_INTA_BALCARCE,Observado,Observado_estacion,,,,,2026-10-03T21:36:15+00:00
2026-07-21,12.2,6.1,0.0,7.942555,,,,,,,,,,,,,,,,,,,,,5.942555,SIGA_INTA_BALCARCE,Observado,Observado_estacion,,,,,2026-10-03T21:36:15+00:00
2026-07-22,9.5,2.4,0.0,6.236508,,,,,,,,,,,,,,,,,,,,,4.236508,SIGA_INTA_BALCARCE,Observado,Observado_estacion,,,,,2026-10-03T21:36:15+00:00
2026-07-23,10.1,-0.5,0.0,5.166317,,,,,,,,,,,,,,,,,,,,,3.1663170000000003,SIGA_INTA_BALCARCE,Observado,Observado_estacion,,,,,2026-10-03T21:36:15+00:00
2026-07-24,14.7,8.1,1.0,10.00369,,,,,,,,,,,,,,,,,,,,,8.00369,SIGA_INTA_BALCARCE,Observado,Observado_estacion,,,,,2026-10-03T21:36:15+00:00
2026-07-25,13.4,5.3,0.0,8.922218,,,,,,,,,,,,,,,,,,,,,6.922218000000001,SIGA_INTA_BALCARCE,Observado,Observado_estacion,,,,,2026-10-03T21:36:15+00:00
2026-07-26,15.3,7.5,0.0,11.20632,,,,,,,,,,,,,,,,,,,,,9.20632,SIGA_INTA_BALCARCE,Observado,Observado_estacion,,,,,2026-10-03T21:36:15+00:00
2026-07-27,13.7,7.1,0.75,10.07,,,,,,,,,,,,,,,,,,,,,8.07,SIGA_INTA_BALCARCE,Observado,Observado_estacion,,,,,2026-10-03T21:36:15+00:00
2026-07-28,14.7,7.9,3.25,10.46542,,,,,,,,,,,,,,,,,,,,,8.46542,SIGA_INTA_BALCARCE,Observado,Observado_estacion,,,,,2026-10-03T21:36:15+00:00
2026-07-29,14.4,6.5,0.0,9.792108,,,,,,,,,,,,,,,,,,,,,7.792108000000001,SIGA_INTA_BALCARCE,Observado,Observado_estacion,,,,,2026-10-03T21:36:15+00:00
2026-07-30,15.2,5.9,0.0,9.36117,,,,,,,,,,,,,,,,,,,,,7.3611699999999995,SIGA_INTA_BALCARCE,Observado,Observado_estacion,,,,,2026-10-03T21:36:15+00:00
2026-07-31,15.5,7.9,41.25,11.86508,,,,,,,,,,,,,,,,,,,,,9.86508,SIGA_INTA_BALCARCE,Observado,Observado_estacion,,,,,2026-10-03T21:36:15+00:00
2026-08-01,15.5,7.6,0.0,12.75498,,,,,,,,,,,,,,,,,,,,,10.75498,SIGA_INTA_BALCARCE,Observado,Observado_estacion,,,,,2026-10-03T21:36:15+00:00
2026-08-02,10.4,5.1,10.5,8.047372,,,,,,,,,,,,,,,,,,,,,6.047371999999999,SIGA_INTA_BALCARCE,Observado,Observado_estacion,,,,,2026-10-03T21:36:15+00:00
2026-08-03,13.1,9.4,0.5,11.14789,,,,,,,,,,,,,,,,,,,,,9.14789,SIGA_INTA_BALCARCE,Observado,Observado_estacion,,,,,2026-10-03T21:36:15+00:00
2026-08-04,15.9,3.0,0.0,8.495028,,,,,,,,,,,,,,,,,,,,,6.495028,SIGA_INTA_BALCARCE,Observado,Observado_estacion,,,,,2026-10-03T21:36:15+00:00
2026-08-05,18.3,8.5,13.5,12.1947,,,,,,,,,,,,,,,,,,,,,10.1947,SIGA_INTA_BALCARCE,Observado,Observado_estacion,,,,,2026-10-03T21:36:15+00:00
2026-08-06,10.0,5.8,12.25,8.092668,,,,,,,,,,,,,,,,,,,,,6.092668,SIGA_INTA_BALCARCE,Observado,Observado_estacion,,,,,2026-10-03T21:36:15+00:00
2026-08-07,13.0,2.5,0.0,7.148691,,,,,,,,,,,,,,,,,,,,,5.148691,SIGA_INTA_BALCARCE,Observado,Observado_estacion,,,,,2026-10-03T21:36:15+00:00
2026-08-08,10.4,3.2,0.0,6.587895,,,,,,,,,,,,,,,,,,,,,4.587895,SIGA_INTA_BALCARCE,Observado,Observado_estacion,,,,,2026-10-03T21:36:15+00:00
2026-08-09,10.4,2.5,0.5,5.465262,,,,,,,,,,,,,,,,,,,,,3.465262,SIGA_INTA_BALCARCE,Observado,Observado_estacion,,,,,2026-10-03T21:36:15+00:00
2026-08-10,11.0,0.8,0.0,5.144973,,,,,,,,,,,,,,,,,,,,,3.1449730000000002,SIGA_INTA_BALCARCE,Observado,Observado_estacion,,,,,2026-10-03T21:36:15+00:00
2026-08-11,11.5,1.4,0.0,5.598423,,,,,,,,,,,,,,,,,,,,,3.5984230000000004,SIGA_INTA_BALCARCE,Observado,Observado_estacion,,,,,2026-10-03T21:36:15+00:00
2026-08-12,9.8,-0.2,0.0,4.107407,,,,,,,,,,,,,,,,,,,,,2.1074070000000003,SIGA_INTA_BALCARCE,Observado,Observado_estacion,,,,,2026-10-03T21:36:15+00:00
2026-08-13,10.0,2.0,0.0,6.143161,,,,,,,,,,,,,,,,,,,,,4.143161,SIGA_INTA_BALCARCE,Observado,Observado_estacion,,,,,2026-10-03T21:36:15+00:00
2026-08-14,13.9,5.4,0.0,9.228416,,,,,,,,,,,,,,,,,,,,,7.228415999999999,SIGA_INTA_BALCARCE,Observado,Observado_estacion,,,,,2026-10-03T21:36:15+00:00
2026-08-15,13.1,8.9,1.25,11.05661,,,,,,,,,,,,,,,,,,,,,9.05661,SIGA_INTA_BALCARCE,Observado,Observado_estacion,,,,,2026-10-03T21:36:15+00:00
2026-08-16,13.7,9.0,1.5,12.14895,,,,,,,,,,,,,,,,,,,,,10.14895,SIGA_INTA_BALCARCE,Observado,Observado_estacion,,,,,2026-10-03T21:36:15+00:00
2026-08-17,10.5,7.4,0.0,8.863684,,,,,,,,,,,,,,,,,,,,,6.863683999999999,SIGA_INTA_BALCARCE,Observado,Observado_estacion,,,,,2026-10-03T21:36:15+00:00
2026-08-18,15.2,2.0,0.0,7.279253,,,,,,,,,,,,,,,,,,,,,5.279253,SIGA_INTA_BALCARCE,Observado,Observado_estacion,,,,,2026-10-03T21:36:15+00:00
2026-08-19,18.2,2.8,0.0,9.197367,,,,,,,,,,,,,,,,,,,,,7.197367,SIGA_INTA_BALCARCE,Observado,Observado_estacion,,,,,2026-10-03T21:36:15+00:00
2026-08-20,18.0,5.6,0.0,9.761904,,,,,,,,,,,,,,,,,,,,,7.7619039999999995,SIGA_INTA_BALCARCE,Observado,Observado_estacion,,,,,2026-10-03T21:36:15+00:00
2026-08-21,10.0,1.3,1.0,5.378421,,,,,,,,,,,,,,,,,,,,,3.3784210000000003,SIGA_INTA_BALCARCE,Observado,Observado_estacion,,,,,2026-10-03T21:36:15+00:00
2026-08-22,13.3,2.6,1.25,6.729472,,,,,,,,,,,,,,,,,,,,,4.729472,SIGA_INTA_BALCARCE,Observado,Observado_estacion,,,,,2026-10-03T21:36:15+00:00
2026-08-23,9.0,2.4,0.5,5.520634,,,,,,,,,,,,,,,,,,,,,3.5206340000000003,SIGA_INTA_BALCARCE,Observado,Observado_estacion,,,,,2026-10-03T21:36:15+00:00
2026-08-24,12.0,-0.6,0.0,5.410106,,,,,,,,,,,,,,,,,,,,,3.410106,SIGA_INTA_BALCARCE,Observado,Observado_estacion,,,,,2026-10-03T21:36:15+00:00
2026-08-25,12.4,4.4,0.0,7.586774,,,,,,,,,,,,,,,,,,,,,5.586774,SIGA_INTA_BALCARCE,Observado,Observado_estacion,,,,,2026-10-03T21:36:15+00:00
2026-08-26,14.2,7.5,5.25,10.14922,,,,,,,,,,,,,,,,,,,,,8.14922,SIGA_INTA_BALCARCE,Observado,Observado_estacion,,,,,2026-10-03T21:36:15+00:00
2026-08-27,19.7,8.3,0.25,12.79048,,,,,,,,,,,,,,,,,,,,,10.79048,SIGA_INTA_BALCARCE,Observado,Observado_estacion,,,,,2026-10-03T21:36:15+00:00
2026-08-28,21.6,2.3,0.0,11.27708,,,,,,,,,,,,,,,,,,,,,9.27708,SIGA_INTA_BALCARCE,Observado,Observado_estacion,,,,,2026-10-03T21:36:15+00:00
2026-08-29,22.5,3.0,0.75,12.8455,,,,,,,,,,,,,,,,,,,,,10.8455,SIGA_INTA_BALCARCE,Observado,Observado_estacion,,,,,2026-10-03T21:36:15+00:00
2026-08-30,21.5,7.2,0.0,14.06631,,,,,,,,,,,,,,,,,,,,,12.06631,SIGA_INTA_BALCARCE,Observado,Observado_estacion,,,,,2026-10-03T21:36:15+00:00
2026-08-31,21.6,4.8,0.0,12.78731,,,,,,,,,,,,,,,,,,,,,10.78731,SIGA_INTA_BALCARCE,Observado,Observado_estacion,,,,,2026-10-03T21:36:15+00:00
2026-09-01,19.8,2.7,0.0,10.51146,,,,,,,,,,,,,,,,,,,,,8.51146,SIGA_INTA_BALCARCE,Observado,Observado_estacion,,,,,2026-10-03T21:36:15+00:00
2026-09-02,13.8,4.3,2.25,8.855793,,,,,,,,,,,,,,,,,,,,,6.855793,SIGA_INTA_BALCARCE,Observado,Observado_estacion,,,,,2026-10-03T21:36:15+00:00
2026-09-03,15.7,5.9,0.0,10.9829,,,,,,,,,,,,,,,,,,,,,8.9829,SIGA_INTA_BALCARCE,Observado,Observado_estacion,,,,,2026-10-03T21:36:15+00:00
2026-09-04,15.9,1.4,0.0,8.06597,,,,,,,,,,,,,,,,,,,,,6.06597,SIGA_INTA_BALCARCE,Observado,Observado_estacion,,,,,2026-10-03T21:36:15+00:00
2026-09-05,10.3,2.4,1.25,5.797906,,,,,,,,,,,,,,,,,,,,,3.7979060000000002,SIGA_INTA_BALCARCE,Observado,Observado_estacion,,,,,2026-10-03T21:36:15+00:00
2026-09-06,8.0,0.9,0.0,4.288889,,,,,,,,,,,,,,,,,,,,,2.288889,SIGA_INTA_BALCARCE,Observado,Observado_estacion,,,,,2026-10-03T21:36:15+00:00
2026-09-07,11.3,-1.3,0.0,5.46842,,,,,,,,,,,,,,,,,,,,,3.46842,SIGA_INTA_BALCARCE,Observado,Observado_estacion,,,,,2026-10-03T21:36:15+00:00
2026-09-08,16.9,4.0,0.0,9.287369,,,,,,,,,,,,,,,,,,,,,7.287369,SIGA_INTA_BALCARCE,Observado,Observado_estacion,,,,,2026-10-03T21:36:15+00:00
2026-09-09,21.3,6.0,0.0,12.51852,,,,,,,,,,,,,,,,,,,,,10.51852,SIGA_INTA_BALCARCE,Observado,Observado_estacion,,,,,2026-10-03T21:36:15+00:00
2026-09-10,21.1,6.2,0.75,12.61082,,,,,,,,,,,,,,,,,,,,,10.61082,SIGA_INTA_BALCARCE,Observado,Observado_estacion,,,,,2026-10-03T21:36:15+00:00
2026-09-11,20.3,4.9,0.25,10.33184,,,,,,,,,,,,,,,,,,,,,8.33184,SIGA_INTA_BALCARCE,Observado,Observado_estacion,,,,,2026-10-03T21:36:15+00:00
2026-09-12,8.0,4.2,0.0,5.829473,,,,,,,,,,,,,,,,,,,,,3.829473,SIGA_INTA_BALCARCE,Observado,Observado_estacion,,,,,2026-10-03T21:36:15+00:00
2026-09-13,12.6,0.5,0.0,5.929842,,,,,,,,,,,,,,,,,,,,,3.929842,SIGA_INTA_BALCARCE,Observado,Observado_estacion,,,,,2026-10-03T21:36:15+00:00
2026-09-14,15.6,-0.7,0.0,6.508197,,,,,,,,,,,,,,,,,,,,,4.508197,SIGA_INTA_BALCARCE,Observado,Observado_estacion,,,,,2026-10-03T21:36:15+00:00
2026-09-15,11.5,3.2,0.0,7.700526,,,,,,,,,,,,,,,,,,,,,5.700526,SIGA_INTA_BALCARCE,Observado,Observado_estacion,,,,,2026-10-03T21:36:15+00:00
2026-09-16,12.3,-1.7,0.0,5.326842,,,,,,,,,,,,,,,,,,,,,3.326842,SIGA_INTA_BALCARCE,Observado,Observado_estacion,,,,,2026-10-03T21:36:15+00:00
2026-09-17,25.1,3.5,0.0,12.29421,,,,,,,,,,,,,,,,,,,,,10.29421,SIGA_INTA_BALCARCE,Observado,Observado_estacion,,,,,2026-10-03T21:36:15+00:00
2026-09-18,23.9,10.4,0.0,16.91746,,,,,,,,,,,,,,,,,,,,,14.917459999999998,SIGA_INTA_BALCARCE,Observado,Observado_estacion,,,,,2026-10-03T21:36:15+00:00
2026-09-19,24.9,10.6,0.0,16.59737,,,,,,,,,,,,,,,,,,,,,14.597370000000002,SIGA_INTA_BALCARCE,Observado,Observado_estacion,,,,,2026-10-03T21:36:15+00:00
2026-09-20,17.0,10.5,13.25,13.2291,,,,,,,,,,,,,,,,,,,,,11.2291,SIGA_INTA_BALCARCE,Observado,Observado_estacion,,,,,2026-10-03T21:36:15+00:00
2026-09-21,11.9,5.9,1.5,9.435831,,,,,,,,,,,,,,,,,,,,,7.435831,SIGA_INTA_BALCARCE,Observado,Observado_estacion,,,,,2026-10-03T21:36:15+00:00
2026-09-22,12.4,3.1,0.25,6.631745,,,,,,,,,,,,,,,,,,,,,4.631745,SIGA_INTA_BALCARCE,Observado,Observado_estacion,,,,,2026-10-03T21:36:15+00:00
2026-09-23,16.5,3.3,0.0,8.973546,,,,,,,,,,,,,,,,,,,,,6.973546000000001,SIGA_INTA_BALCARCE,Observado,Observado_estacion,,,,,2026-10-03T21:36:15+00:00
2026-09-24,18.5,10.3,0.0,14.07474,,,,,,,,,,,,,,,,,,,,,12.07474,SIGA_INTA_BALCARCE,Observado,Observado_estacion,,,,,2026-10-03T21:36:15+00:00
2026-09-25,21.3,9.1,0.0,15.27619,,,,,,,,,,,,,,,,,,,,,13.27619,SIGA_INTA_BALCARCE,Observado,Observado_estacion,,,,,2026-10-03T21:36:15+00:00
2026-09-26,19.1,4.0,0.0,11.21947,,,,,,,,,,,,,,,,,,,,,9.21947,SIGA_INTA_BALCARCE,Observado,Observado_estacion,,,,,2026-10-03T21:36:15+00:00
2026-09-27,19.6,6.2,9.0,11.3127,,,,,,,,,,,,,,,,,,,,,9.3127,SIGA_INTA_BALCARCE,Observado,Observado_estacion,,,,,2026-10-03T21:36:15+00:00
2026-09-28,16.2,11.7,28.25,13.34422,,,,,,,,,,,,,,,,,,,,,11.34422,SIGA_INTA_BALCARCE,Observado,Observado_estacion,,,,,2026-10-03T21:36:15+00:00
2026-09-29,15.2,9.2,2.5,12.20785,,,,,,,,,,,,,,,,,,,,,10.20785,SIGA_INTA_BALCARCE,Observado,Observado_estacion,,,,,2026-10-03T21:36:15+00:00
2026-09-30,13.5,7.1,0.0,9.631578,,,,,,,,,,,,,,,,,,,,,7.631577999999999,SIGA_INTA_BALCARCE,Observado,Observado_estacion,,,,,2026-10-03T21:36:15+00:00
2026-10-01,11.9,6.3,0.5,8.436507,,,,,,,,,,,,,,,,,,,,,6.436507000000001,SIGA_INTA_BALCARCE,Observado,Observado_estacion,,,,,2026-10-03T21:36:15+00:00
